Year,Quarter,dlm_exp,dlm_real,date,shiller_fwd,shiller_trail
1976,1,-0.0555825803937622,0.195332473345028,1976-03-01,0.15183854006887865,0.024548281205261535
1976,2,0.0133961790334864,0.126131870118589,1976-06-01,0.11910348480088695,0.1501945516680423
1976,3,0.0350571771663151,0.0954451136704728,1976-09-01,0.11463672996701835,0.20755882029751183
1976,4,0.0205252432172021,0.0767036108380497,1976-12-01,0.09430058860297263,0.21911534848560477
1977,1,-0.0539484785852951,0.0532773627085454,1977-03-01,0.08004270767353683,0.15183854006887865
1977,2,0.031378082733188,0.0623227902453962,1977-06-01,0.07486173242513106,0.11910348480088695
1977,3,0.0407166678637316,0.0857801821004927,1977-09-01,0.07723765674592764,0.11463672996701835
1977,4,0.007012613126955,0.112466833876407,1977-12-01,0.12419038023138373,0.09430058860297263
1978,1,-0.00751912857051229,0.188644250945071,1978-03-01,0.19716806491094907,0.08004270767353683
1978,2,-0.00523457123036053,0.194355709088014,1978-06-01,0.2190389680553122,0.07486173242513106
1978,3,-0.0012945098209225,0.179527367600473,1978-09-01,0.234658673826448,0.07723765674592764
1978,4,-0.0233912191969243,0.144796126209364,1978-12-01,0.18663772211336038,0.12419038023138373
1979,1,-0.0808081107731731,0.0591334665301164,1979-03-01,0.13943498471326254,0.19716806491094907
1979,2,-0.0123169039568758,-0.0457792468036851,1979-06-01,0.06641444289900722,0.2190389680553122
1979,3,-0.0221465192709629,-0.0942792735124116,1979-09-01,0.0006832935011327201,0.234658673826448
1979,4,-0.0308269033234523,-0.106529438741481,1979-12-01,-0.002695419421672174,0.18663772211336038
1980,1,0.0203499241551364,-0.100454379160023,1980-03-01,-0.047548293360458516,0.13943498471326254
1980,2,0.145781756336898,0.036426039852191,1980-06-01,0.00467446594069898,0.06641444289900722
1980,3,0.206081825135025,0.0877907535234233,1980-09-01,0.042132610697375394,0.0006832935011327201
1980,4,0.257839086355338,0.0740660246395124,1980-12-01,0.035789107851584845,-0.002695419421672174
1981,1,0.259447638629422,0.0314632450717638,1981-03-01,0.015651901699194948,-0.047548293360458516
1981,2,0.247514041495278,-0.0931870356852382,1981-06-01,-0.057589591942781126,0.00467446594069898
1981,3,0.224861515152075,-0.145190061555483,1981-09-01,-0.11876583671829177,0.042132610697375394
1981,4,0.226298000320205,-0.1802536685652,1981-12-01,-0.1949003390008146,0.035789107851584845
1982,1,0.239203175504005,-0.128416581965296,1982-03-01,-0.1759945517743744,0.015651901699194948
1982,2,0.267876510262647,-0.0296071509079598,1982-06-01,-0.1182242056463334,-0.057589591942781126
1982,3,0.259774038266916,0.0659263870176052,1982-09-01,-0.01936024728454111,-0.11876583671829177
1982,4,0.302057026625636,0.194994194814586,1982-12-01,0.10433150539565839,-0.1949003390008146
1983,1,0.311020288724475,0.28821541039042,1983-03-01,0.2059269493509781,-0.1759945517743744
1983,2,0.282330196858221,0.297677745820318,1983-06-01,0.2521083941820823,-0.1182242056463334
1983,3,0.258254569958253,0.226373925500086,1983-09-01,0.21922611372940537,-0.01936024728454111
1983,4,0.146661982445033,0.143991738315985,1983-12-01,0.17061154127869305,0.10433150539565839
1984,1,0.15741508420115,0.0153890205465537,1984-03-01,0.07143636689942756,0.2059269493509781
1984,2,0.13131051943817,-0.0812440112133119,1984-06-01,-0.03709950771099768,0.2521083941820823
1984,3,0.102587559769091,-0.100605624622182,1984-09-01,-0.08372298205004336,0.21922611372940537
1984,4,0.146992151614065,-0.1155120969791,1984-12-01,-0.13010320963045485,0.17061154127869305
1985,1,0.172806768721626,-0.0834964147846353,1985-03-01,-0.12114438335908861,0.07143636689942756
1985,2,0.208317547989659,-0.0484044369300514,1985-06-01,-0.05938419991399435,-0.03709950771099768
1985,3,0.210194991541482,-0.017869191803356,1985-09-01,-0.025267301658361774,-0.08372298205004336
1985,4,0.245383526491472,-0.0430161415855359,1985-12-01,-0.008937838805037401,-0.13010320963045485
1986,1,0.232044162267894,-0.0230537341492139,1986-03-01,0.03916773442422894,-0.12114438335908861
1986,2,0.246480238774786,-0.0403913426214873,1986-06-01,-0.01991140275654324,-0.05938419991399435
1986,3,0.199112097427014,0.0578407576219089,1986-09-01,0.06580035095799319,-0.025267301658361774
1986,4,0.276391192151285,0.194354671622812,1986-12-01,0.1894324939718981,-0.008937838805037401
1987,1,0.310897691184784,0.245542049336088,1987-03-01,0.20792905791247396,0.03916773442422894
1987,2,0.399612472287871,0.418506686884608,1987-06-01,0.4073126836914649,-0.01991140275654324
1987,3,0.33069697082416,0.357307505567425,1987-09-01,0.3598854216577503,0.06580035095799319
1987,4,0.269899325543517,0.303237037064111,1987-12-01,0.30538164955118186,0.1894324939718981
1988,1,0.225662611258886,0.258696341808521,1988-03-01,0.2946507417678741,0.20792905791247396
1988,2,0.104032157433182,0.110654560535253,1988-06-01,0.1517085149885058,0.4073126836914649
1988,3,0.117284111672553,-0.0204294767853206,1988-09-01,0.04136738030624221,0.3598854216577503
1988,4,0.0679561265889994,-0.117194596744417,1988-12-01,-0.037756522445960616,0.30538164955118186
1989,1,0.0723514313767826,-0.18832550679257,1989-03-01,-0.14134572795295908,0.2946507417678741
1989,2,0.0797523582401203,-0.224379065924228,1989-06-01,-0.1708099576229718,0.1517085149885058
1989,3,0.152175122867174,-0.1441737393507,1989-09-01,-0.08589913647763092,0.04136738030624221
1989,4,0.210975262671437,-0.149302468997709,1989-12-01,-0.06924276216108272,-0.037756522445960616
1990,1,0.33500461756499,-0.171021015600829,1990-03-01,-0.034267610105876756,-0.14134572795295908
1990,2,0.282610502562166,-0.22632560681242,1990-06-01,-0.09103897573288311,-0.1708099576229718
1990,3,0.266924895509548,-0.273202840163295,1990-09-01,-0.19883245965039986,-0.08589913647763092
1990,4,0.289645627546466,-0.329830251234613,1990-12-01,-0.2898712836466859,-0.06924276216108272
1991,1,0.353438808286765,-0.245037013766405,1991-03-01,-0.257267437752847,-0.034267610105876756
1991,2,0.436935718617085,-0.12485420773319,1991-06-01,-0.12963819345139305,-0.09103897573288311
1991,3,0.499096863662887,-0.0403367385878624,1991-09-01,0.012270092591814219,-0.19883245965039986
1991,4,0.623802183075854,0.160064742544112,1991-12-01,0.17845267551073496,-0.2898712836466859
1992,1,0.618641214385846,0.190967712631142,1992-03-01,0.2033063341671828,-0.257267437752847
1992,2,0.614667537869777,0.17053371358775,1992-06-01,0.1255080894907139,-0.12963819345139305
1992,3,0.590140500326883,0.210503532152529,1992-09-01,0.12343346218727591,0.012270092591814219
1992,4,0.527673861773955,0.217500690815724,1992-12-01,0.13686527379711544,0.17845267551073496
1993,1,0.4913897653757,0.215308722624278,1993-03-01,0.13510525426074027,0.2033063341671828
1993,2,0.522977600211626,0.313287701778054,1993-06-01,0.2651857012971379,0.1255080894907139
1993,3,0.450886865430642,0.319972395679138,1993-09-01,0.2919600231182229,0.12343346218727591
1993,4,0.381332693788376,0.360611075352312,1993-12-01,0.33497009742356365,0.13686527379711544
1994,1,0.36635905294699,0.374222250138164,1994-03-01,0.35997201253711086,0.13510525426074027
1994,2,0.321757572370927,0.334731722263923,1994-06-01,0.3120842828330548,0.2651857012971379
1994,3,0.267247169360927,0.290718022455765,1994-09-01,0.2524927393694356,0.2919600231182229
1994,4,0.17171307049432,0.136791851160671,1994-12-01,0.10418335248481148,0.33497009742356365
1995,1,0.153794400280712,0.0809937489272428,1995-03-01,0.04475893505059547,0.35997201253711086
1995,2,0.166926389415828,0.0334729453138252,1995-06-01,0.013845043766512521,0.3120842828330548
1995,3,0.163900412364424,0.0244287418816791,1995-09-01,0.02304119914669789,0.2524927393694356
1995,4,0.205129065742933,0.107780395773577,1995-12-01,0.13143113208351398,0.10418335248481148
1996,1,0.191852309646873,0.144862984695947,1996-03-01,0.16732522208631018,0.04475893505059547
1996,2,0.190467920001014,0.191706640210553,1996-06-01,0.14976245944447708,0.013845043766512521
1996,3,0.177954605473834,0.178721962802591,1996-09-01,0.12123386481411647,0.02304119914669789
1996,4,0.15135625179916,0.105998912345414,1996-12-01,0.02524034565031119,0.13143113208351398
1997,1,0.135776495288017,0.11475745624317,1997-03-01,-0.017548708049012873,0.16732522208631018
1997,2,0.10319049512459,0.0145249788176307,1997-06-01,-0.03974366121080397,0.14976245944447708
1997,3,0.124863857089728,0.00605551290115436,1997-09-01,-0.06480102277971378,0.12123386481411647
1997,4,0.148111123254536,0.0174190258510154,1997-12-01,-0.05192952790670624,0.02524034565031119
1998,1,0.115439087341839,-0.0595833435984581,1998-03-01,-0.029776327162916782,-0.017548708049012873
1998,2,0.257838208522784,0.0321074927026261,1998-06-01,0.05126763329361683,-0.03974366121080397
1998,3,0.239142339203337,0.0755598446648498,1998-09-01,0.143328349044908,-0.06480102277971378
1998,4,0.259810021036132,0.189304496635041,1998-12-01,0.2448111093718639,-0.05192952790670624
1999,1,0.306789859994113,0.263950489782794,1999-03-01,0.2833082690891797,-0.029776327162916782
1999,2,0.297483677057728,0.231198439504025,1999-06-01,0.23564431975160005,0.05126763329361683
1999,3,0.264044794995608,0.224472524586045,1999-09-01,0.20013287197939844,0.143328349044908
1999,4,0.159743130005266,0.00393148611610128,1999-12-01,0.03728658478601643,0.2448111093718639
2000,1,0.12886412661553,-0.265471374242622,2000-03-01,-0.11445198525583766,0.2833082690891797
2000,2,0.131602494169842,-0.583699779796285,2000-06-01,-0.3444780032791517,0.23564431975160005
2000,3,0.103451491543924,-0.97475976744844,2000-09-01,-0.6401979023910109,0.20013287197939844
2000,4,0.200405698186465,-1.05983009694483,2000-12-01,-0.705624702071058,0.03728658478601643
2001,1,0.392683204051042,-0.589217664030839,2001-03-01,-0.6095895307789645,-0.11445198525583766
2001,2,0.650116129969852,-0.149749964242456,2001-06-01,-0.31906549744288615,-0.3444780032791517
2001,3,0.968824293381749,0.335829633340076,2001-09-01,0.059314727772125764,-0.6401979023910109
2001,4,1.10806599500353,0.434597371988979,2001-12-01,0.11105508487210658,-0.705624702071058
2002,1,0.908669655136962,0.309731332249066,2002-03-01,0.2050043171402396,-0.6095895307789645
2002,2,0.798306445797785,0.306929388243773,2002-06-01,0.256246978539882,-0.31906549744288615
2002,3,0.635416729742306,0.269384069019891,2002-09-01,0.2502041805816493,0.059314727772125764
2002,4,0.728662003470242,0.626898824542116,2002-12-01,0.5690466599678659,0.11105508487210658
2003,1,0.624246861665406,0.558675345715281,2003-03-01,0.5394361578072564,0.2050043171402396
2003,2,0.502176082733629,0.491891235181069,2003-06-01,0.4856191309707736,0.256246978539882
2003,3,0.454651498189127,0.425027938374281,2003-09-01,0.4037356023155909,0.2502041805816493
2003,4,0.220108203479407,0.157068095531606,2003-12-01,0.18338104184666548,0.5690466599678659
2004,1,0.199628691201891,0.127135650816114,2004-03-01,0.14676080447216,0.5394361578072564
2004,2,0.199659849590132,0.103552361199676,2004-06-01,0.11922653669305028,0.4856191309707736
2004,3,0.190988210993708,0.121091014117344,2004-09-01,0.14028110826031615,0.4037356023155909
2004,4,0.241389990904083,0.191613281533953,2004-12-01,0.17618262681421815,0.18338104184666548
2005,1,0.246678542831975,0.211045643690317,2005-03-01,0.18792412157495697,0.14676080447216
2005,2,0.226784881417591,0.18537023912161,2005-06-01,0.1634116703106825,0.11922653669305028
2005,3,0.230638320304026,0.184141346445642,2005-09-01,0.16723922913423994,0.14028110826031615
2005,4,0.196768419376204,0.154370966075319,2005-12-01,0.15466199524842228,0.17618262681421815
2006,1,0.175379148010193,0.129163677717882,2006-03-01,0.13471756101039212,0.18792412157495697
2006,2,0.187951435260562,0.134878794316958,2006-06-01,0.13104474864687,0.1634116703106825
2006,3,0.159625656544878,0.0815893488527886,2006-09-01,0.0003817522474305335,0.16723922913423994
2006,4,0.152818569388293,-0.0747276977382132,2006-12-01,-0.20834740961289988,0.15466199524842228
2007,1,0.139421281413706,-0.157211363646139,2007-03-01,-0.3198226773191264,0.13471756101039212
2007,2,0.161665463870159,-0.287784960043698,2007-06-01,-0.5026552923558789,0.13104474864687
2007,3,0.179711182876659,-0.47527888157583,2007-09-01,-0.5368178506334647,0.0003817522474305335
2007,4,0.295717620999253,-1.11536078839164,2007-12-01,-1.4923602730885204,-0.20834740961289988
2008,1,0.343198696050227,-1.6092245005547,2008-03-01,-2.1751160865820163,-0.3198226773191264
2008,2,0.462812967071841,-1.64972780342186,2008-06-01,-1.9228188787031328,-0.5026552923558789
2008,3,0.646052780928979,-1.03791737895318,2008-09-01,-1.2986303135969215,-0.5368178506334647
2008,4,1.14310458425494,0.777807623854808,2008-12-01,1.2312191949470042,-1.4923602730885204
2009,1,1.52552661963394,1.5220597810985,2009-03-01,2.1840182225226092,-2.1751160865820163
2009,2,1.69502285976416,1.75014888216598,2009-06-01,2.1899485782015926,-1.9228188787031328
2009,3,1.34886412889502,1.40409297054812,2009-09-01,1.745796246480598,-1.2986303135969215
2009,4,0.376734246942235,0.410926310185614,2009-12-01,0.4171033526671244,1.2312191949470042
2010,1,0.24809147110137,0.264057894454649,2010-03-01,0.2885433459593427,2.1840182225226092
2010,2,0.229451913190579,0.21322666584867,2010-06-01,0.2230839370186839,2.1899485782015926
2010,3,0.183515582903498,0.164796260763862,2010-09-01,0.19095842548412012,1.745796246480598
2010,4,0.174023595213556,0.113322347664113,2010-12-01,0.11699266378121731,0.4171033526671244
2011,1,0.187110880055412,0.0829898004782326,2011-03-01,0.08518541708424898,0.2885433459593427
2011,2,0.203156863470286,0.0533058739238292,2011-06-01,0.04715932909904552,0.2230839370186839
2011,3,0.188687638940964,0.0134726663555416,2011-09-01,-0.005533793231658812,0.19095842548412012
2011,4,0.174260642890946,-0.0285261813338416,2011-12-01,-0.005073226608009129,0.11699266378121731
2012,1,0.173379183905777,-0.0175001783567534,2012-03-01,-0.009532527925857792,0.08518541708424898
2012,2,0.189016329882794,-0.00088166535071732,2012-06-01,0.03388259486876599,0.04715932909904552
2012,3,0.214588640055616,0.0579092814782527,2012-09-01,0.0870788120954078,-0.005533793231658812
2012,4,0.25810631603698,0.16663922914118,2012-12-01,0.14690817445848126,-0.005073226608009129
2013,1,0.255702163815698,0.148143477023455,2013-03-01,0.13971236502208395,-0.009532527925857792
2013,2,0.247252266874843,0.142525531315607,2013-06-01,0.1255834536668008,0.03388259486876599
2013,3,0.219201972547982,0.123301702505877,2013-09-01,0.11583843837062702,0.0870788120954078
2013,4,0.161468121306784,0.00398300688042141,2013-12-01,0.020839231240084466,0.14690817445848126
2014,1,0.162886338605229,-0.0195401704588507,2014-03-01,-0.015992344832921113,0.13971236502208395
2014,2,0.178396233706367,-0.0772713923417641,2014-06-01,-0.08296428448853188,0.1255834536668008
2014,3,0.171792019387119,-0.147109837606152,2014-09-01,-0.1559454188911653,0.11583843837062702
2014,4,0.192036260089986,-0.15094363674383,2014-12-01,-0.16751624527220077,0.020839231240084466
2015,1,0.183333224029556,-0.146079872727367,2015-03-01,-0.13819138792861452,-0.015992344832921113
2015,2,0.239715265952865,-0.106512106035017,2015-06-01,-0.0879409187541711,-0.08296428448853188
2015,3,0.295276295058258,-0.0296022804066611,2015-09-01,-0.01746915078015121,-0.1559454188911653
2015,4,0.341577486330423,0.0814148452447725,2015-12-01,0.08863762048581858,-0.16751624527220077
2016,1,0.33121009208508,0.150533651243134,2016-03-01,0.1486154574614318,-0.13819138792861452
2016,2,0.348355722263791,0.194659609568828,2016-06-01,0.17959503295669688,-0.0879409187541711
2016,3,0.335351897978494,0.191230152500794,2016-09-01,0.18392912391959992,-0.01746915078015121
2016,4,0.300749472608564,0.164388329039112,2016-12-01,0.15026006612260634,0.08863762048581858
2017,1,0.262334170389658,0.145761933081046,2017-03-01,0.14068492536549826,0.1486154574614318
2017,2,0.249913665687293,0.161743000118183,2017-06-01,0.1633645630045022,0.17959503295669688
2017,3,0.245356017126,0.189886864908669,2017-09-01,0.19695374078322825,0.18392912391959992
2017,4,0.238427581202248,0.159278858683601,2017-12-01,0.1863632507224926,0.15026006612260634
2018,1,0.310538069445749,0.135330538170349,2018-03-01,0.15199510609335753,0.14068492536549826
2018,2,0.285311983829412,0.0727705080822787,2018-06-01,0.09932502975167434,0.1633645630045022
2018,3,0.257604891372283,-0.000163475969802818,2018-09-01,0.01906700628381941,0.19695374078322825
2018,4,0.257178881287941,0.0382187791531106,2018-12-01,0.0520974124210376,0.1863632507224926
2019,1,0.236720783523015,-0.124517315445003,2019-03-01,-0.144315040730298,0.15199510609335753
2019,2,0.242330675178085,-0.296771818306399,2019-06-01,-0.30983239317495226,0.09932502975167434
2019,3,0.266143843443362,-0.290268436365818,2019-09-01,-0.3023871051081013,0.01906700628381941
2019,4,0.229121408051996,-0.379041722755637,2019-12-01,-0.3931727188114742,0.0520974124210376
2020,1,0.362474849299858,0.0427789791448401,2020-03-01,0.09716056465789435,-0.144315040730298
2020,2,0.302713094820041,0.446006897078231,2020-06-01,0.46995323998871363,-0.30983239317495226
2020,3,0.427964424689683,0.557683680065139,2020-09-01,0.580030242329995,-0.3023871051081013
2020,4,0.53586749139979,0.724771340426678,2020-12-01,0.74293344384522,-0.3931727188114742
2021,1,0.353729270734893,0.457803842248064,2021-03-01,0.4342208374163201,0.09716056465789435
2021,2,0.208366265793146,0.211394730077929,2021-06-01,0.1914549947228057,0.46995323998871363
2021,3,0.187635069838987,0.227537526402783,2021-09-01,0.06509770467296772,0.580030242329995
2021,4,0.0953070365902455,,2021-12-01,-0.13576478675656922,0.74293344384522
2022,1,0.13223801823887,,2022-03-01,-0.12205545093933345,0.4342208374163201
