Year,Quarter,dlm_exp,dlm_real,dlm_pd,date,shiller_fwd,shiller_trail
2003,1,0.189611604755651,0.0703726148722939,4.00049152203036,2003-03-01,0.10523720349292498,0.03067533161708047
2003,2,0.239990816068896,0.123786217638727,4.15722980184807,2003-06-01,0.14000390713014,0.008072071150647453
2003,3,0.2679761919666,0.129767214187802,4.15134305696379,2003-09-01,0.1440246683403612,0.04879016416943216
2003,4,0.202654837427465,0.104781528021419,4.21940420351542,2003-12-01,0.11143747066610121,0.07894114861677082
2004,1,0.179957794522172,0.129882906158962,4.21363929556222,2004-03-01,0.11568439899946226,0.10523720349292498
2004,2,0.166376247437078,0.134082526718663,4.19103914761807,2004-06-01,0.11802195573875274,0.14000390713014
2004,3,0.168722271756927,0.125512811731242,4.13409162708507,2004-09-01,0.11383183934797536,0.1440246683403612
2004,4,0.201773345355026,0.133902011695857,4.2007403003024,2004-12-01,0.13365998517919087,0.11143747066610121
2005,1,0.175844094706572,0.11894060685574,4.13091269553627,2005-03-01,0.11871630683938195,0.11568439899946226
2005,2,0.203400299642649,0.111293870779865,4.10026211067146,2005-06-01,0.11326042825090354,0.11802195573875274
2005,3,0.115262110194944,0.114019383972928,4.10614747190811,2005-09-01,0.1155552286059196,0.11383183934797536
2005,4,0.136872032750633,0.122486216187499,4.09640701942329,2005-12-01,0.11307148365949482,0.13365998517919087
2006,1,0.223755688093066,0.0980401699732183,4.10436810411117,2006-03-01,0.11240326036898818,0.11871630683938195
2006,2,0.1357525940766,0.0959648198183429,4.05307227655548,2006-06-01,0.11016975183324229,0.11326042825090354
2006,3,0.137910676207875,0.0979883815801355,4.07564959391817,2006-09-01,0.11288401028300044,0.1155552286059196
2006,4,0.121663668620275,0.159332320081449,4.10160516311191,2006-12-01,0.10845059175670801,0.11307148365949482
2007,1,0.173330121248362,0.188967069092963,4.09917994552411,2007-03-01,0.1045755862611677,0.11240326036898818
2007,2,0.172871200436924,0.162369012860617,4.12562906222217,2007-06-01,0.09263177759091823,0.11016975183324229
2007,3,0.170834196232095,0.138834873657505,4.11123473006323,2007-09-01,0.06701414217449875,0.11288401028300044
2007,4,0.0628022932123264,-0.0311769886322888,3.97695995868376,2007-12-01,0.023522110857193024,0.10845059175670801
2008,1,0.0202628540119658,-0.0349807020141784,3.83862562989871,2008-03-01,-0.03744137838080519,0.1045755862611677
2008,2,0.0115390558206494,-0.068881309674877,3.80242419199791,2008-06-01,-0.1150438439612751,0.09263177759091823
2008,3,-0.00258073037912565,-0.126883580115835,3.70314633855551,2008-09-01,-0.1882315340166434,0.06701414217449875
2008,4,0.00761876518385662,-0.0929511330023636,3.52223491684154,2008-12-01,-0.23652968267204422,0.023522110857193024
2009,1,-0.116383723590525,-0.20776039099331,3.36812165857045,2009-03-01,-0.21893378944593156,-0.03744137838080519
2009,2,-0.136037453518087,-0.176123701844038,3.54032441869017,2009-06-01,-0.14934266588698364,-0.1150438439612751
2009,3,-0.0931585934807484,-0.10793632538565,3.73165249170393,2009-09-01,-0.06705213787788722,-0.1882315340166434
2009,4,-0.0402266220658341,-0.0231118367015601,3.82588602426474,2009-12-01,0.014178350051616384,-0.23652968267204422
2010,1,0.0603782361593868,0.0778920764151638,3.95820815469012,2010-03-01,0.06753061569724927,-0.21893378944593156
2010,2,0.0663127316386638,0.105571026519238,3.83081697290502,2010-06-01,0.09926210327466745,-0.14934266588698364
2010,3,0.0747331180319444,0.120835559987479,3.91615876620606,2010-09-01,0.11922370755662337,-0.06705213787788722
2010,4,0.0376376845986797,0.0959443363695076,3.96929075622971,2010-12-01,0.15081409075174568,0.014178350051616384
2011,1,0.0792532918943461,0.121701105712502,4.00583822671633,2011-03-01,0.15469927634828595,0.06753061569724927
2011,2,0.0807810427467834,0.126947367179965,3.97311457800627,2011-06-01,0.15144718126613776,0.09926210327466745
2011,3,0.0770205360279315,0.138662213199421,3.78671642867256,2011-09-01,0.1613864377959171,0.11922370755662337
2011,4,0.0988391833327138,0.2223474406676,3.87331458273918,2011-12-01,0.16751964756621307,0.15081409075174568
2012,1,0.100339726908513,0.193702652567114,3.94460246403732,2012-03-01,0.1604509792334321,0.15469927634828595
2012,2,0.12510520208911,0.199939361865741,3.8771224319767,2012-06-01,0.16108782120486653,0.15144718126613776
2012,3,0.130387127046318,0.186596875682123,3.8896890092981,2012-09-01,0.1506200979672343,0.1613864377959171
2012,4,0.0709995948274234,0.0499063779188935,3.77676853004194,2012-12-01,0.11304293019718603,0.16751964756621307
2013,1,0.0688411414832144,0.0987078780690438,3.85895534826696,2013-03-01,0.12071999680556322,0.1604509792334321
2013,2,0.0683921245416599,0.0912491907189961,3.84203233460427,2013-06-01,0.11647971199703111,0.16108782120486653
2013,3,0.0631556472328159,0.0914052524490328,3.8576998361683,2013-09-01,0.11234190291630197,0.1506200979672343
2013,4,0.125618484168704,0.157467127635729,3.98615439187078,2013-12-01,0.11971822335483795,0.11304293019718603
2014,1,0.10062470679904,0.1336274336794,3.93687691247425,2014-03-01,0.11903964451072868,0.12071999680556322
2014,2,0.0955484282482808,0.126659744778378,3.94992398239506,2014-06-01,0.11032409962163792,0.11647971199703111
2014,3,0.0827871585144422,0.124130305956751,3.9257738914339,2014-09-01,0.09934087507504419,0.11234190291630197
2014,4,0.0732086054320638,0.114884366261054,3.93656032491045,2014-12-01,0.09544847007582469,0.11971822335483795
2015,1,0.0708066574223554,0.0819562399916745,3.90258922345709,2015-03-01,0.07253148598931514,0.11903964451072868
2015,2,0.0478645452308211,0.0671562633407938,3.87441703946123,2015-06-01,0.06313000688699599,0.11032409962163792
2015,3,0.0465780963192417,0.048262349371488,3.77478908753285,2015-09-01,0.05758959194278157,0.09934087507504419
2015,4,0.0315825044255407,0.0355208379191736,3.81438343548443,2015-12-01,0.05186929808989982,0.09544847007582469
2016,1,0.0494910233137329,0.0433569308443369,3.81668402785554,2016-03-01,0.05540969642035609,0.07253148598931514
2016,2,0.041867504779177,0.0584574305346317,3.82444056234847,2016-06-01,0.06022762312131613,0.06313000688699599
2016,3,0.0369835749743133,0.0714547182840981,3.84811553593224,2016-09-01,0.06740748632864912,0.05758959194278157
2016,4,0.0554159647200381,0.0806250022259847,3.86993675154854,2016-12-01,0.06829240740087306,0.05186929808989982
2017,1,0.0648229855558342,0.0899020967846913,3.91056082609188,2017-03-01,0.07515467360076045,0.05540969642035609
2017,2,0.0585349460644027,0.0798410339138811,3.90976434357579,2017-06-01,0.07681200340969774,0.06022762312131613
2017,3,0.0531143554318452,0.0795222535807398,3.92673613734078,2017-09-01,0.08302447645987021,0.06740748632864912
2017,4,0.0503215486363704,0.0834806575615694,3.96678796564999,2017-12-01,0.09395296170673983,0.06829240740087306
2018,1,0.0661325049351844,0.0858627953572388,3.93195369646602,2018-03-01,0.0942186752389822,0.07515467360076045
2018,2,0.0746882153261623,0.0863914707760038,3.94478018574533,2018-06-01,0.09510111057577841,0.07681200340969774
2018,3,0.072531615770064,0.0825419006405594,3.99272877774299,2018-09-01,0.08914259051996476,0.08302447645987021
2018,4,0.0694112471508772,0.0725377131489209,3.81890467295026,2018-12-01,0.08022873688065824,0.09395296170673983
2019,1,0.05683535787698,0.0638253339395032,3.91681268847451,2019-03-01,0.08108839725450956,0.0942186752389822
2019,2,0.0441651650326849,0.0461269155768074,3.93736428105024,2019-06-01,0.062266310252662826,0.09510111057577841
2019,3,0.0442472192012122,0.0136258219638474,3.9314957782501,2019-09-01,0.028088346084321536,0.08914259051996476
2019,4,0.0510721067628408,-0.00265356027703412,4.00006353891719,2019-12-01,0.0006667786154368471,0.08022873688065824
2020,1,0.0452889433506343,-0.0357224925463289,3.76072403661988,2020-03-01,-0.033228041600717795,0.08108839725450956
2020,2,-0.0135271776805892,-0.0317868938277659,3.94372498846315,2020-06-01,-0.030883516445446624,0.062266310252662826
2020,3,-0.0158173544970222,0.00541848801169031,4.0398746504287,2020-09-01,0.006849601650294801,0.028088346084321536
2020,4,-0.0120182362241197,0.0261751326936297,4.15336669408852,2020-12-01,0.03570219418522136,0.0006667786154368471
2021,1,0.030378388623201,0.0580676701154816,4.22637339665012,2021-03-01,0.0725479463247023,-0.033228041600717795
2021,2,0.0495685904380112,0.0820351555701553,4.30204967248349,2021-06-01,0.101082095091658,-0.030883516445446624
2021,3,0.0603171167550274,0.169369293282389,4.28198970516456,2021-09-01,0.09743088849466819,0.006849601650294801
2021,4,0.0489393035633485,,4.36536350885813,2021-12-01,0.10255649942953493,0.03570219418522136
2022,1,0.0560782584793618,,4.29962438009759,2022-03-01,0.09594119902100573,0.0725479463247023
