Year,Quarter,date,D,E,g_div_trail,g_div_fwd,g_earn_trail,g_earn_fwd
1871,1,1871-03-01,0.26,0.4,,0.037740328,,0.018576386
1871,2,1871-06-01,0.26,0.4,,0.074107972,,0.036813973
1871,3,1871-09-01,0.26,0.4,,0.109199292,,0.0547249
1871,4,1871-12-01,0.26,0.4,,0.143100844,,0.072320662
1872,1,1872-03-01,0.27,0.4075,0.037740328,0.130053128,0.018576386,0.071035773
1872,2,1872-06-01,0.28,0.415,0.074107972,0.117783036,0.036813973,0.069795762
1872,3,1872-09-01,0.29,0.4225,0.109199292,0.106222213,0.0547249,0.068598316
1872,4,1872-12-01,0.3,0.43,0.143100844,0.09531018,0.072320662,0.067441281
1873,1,1873-03-01,0.3075,0.4375,0.130053128,0.070617567,0.071035773,0.050149784
1873,2,1873-06-01,0.315,0.445,0.117783036,0.046520016,0.069795762,0.033152207
1873,3,1873-09-01,0.3225,0.4525,0.106222213,0.022989518,0.068598316,0.016438726
1873,4,1873-12-01,0.33,0.46,0.09531018,0,0.067441281,0
1874,1,1874-03-01,0.33,0.46,0.070617567,-0.022989518,0.050149784,-0.055880458
1874,2,1874-06-01,0.33,0.46,0.046520016,-0.046520016,0.033152207,-0.11506933
1874,3,1874-09-01,0.33,0.46,0.022989518,-0.070617567,0.016438726,-0.177983155
1874,4,1874-12-01,0.33,0.46,0,-0.09531018,0,-0.245122458
1875,1,1875-03-01,0.3225,0.435,-0.022989518,-0.072320662,-0.055880458,-0.246400413
1875,2,1875-06-01,0.315,0.41,-0.046520016,-0.048790164,-0.11506933,-0.247836164
1875,3,1875-09-01,0.3075,0.385,-0.070617567,-0.024692613,-0.177983155,-0.24946086
1875,4,1875-12-01,0.3,0.36,-0.09531018,0,-0.245122458,-0.251314428
1876,1,1876-03-01,0.3,0.34,-0.072320662,-0.096143861,-0.246400413,-0.176456437
1876,2,1876-06-01,0.3,0.32,-0.048790164,-0.202524264,-0.247836164,-0.098440073
1876,3,1876-09-01,0.3,0.3,-0.024692613,-0.321583624,-0.24946086,-0.016807118
1876,4,1876-12-01,0.3,0.28,0,-0.456758402,-0.251314428,0.068992871
1877,1,1877-03-01,0.2725,0.285,-0.096143861,-0.373859769,-0.176456437,0.059592097
1877,2,1877-06-01,0.245,0.29,-0.202524264,-0.280902385,-0.098440073,0.050430854
1877,3,1877-09-01,0.2175,0.295,-0.321583624,-0.175448678,-0.016807118,0.041499731
1877,4,1877-12-01,0.19,0.3,-0.456758402,-0.054067221,0.068992871,0.032789823
1878,1,1878-03-01,0.1875,0.3025,-0.373859769,-0.01342302,0.059592097,0.079406778
1878,2,1878-06-01,0.185,0.305,-0.280902385,0.026668247,0.050430854,0.12323264
1878,3,1878-09-01,0.1825,0.3075,-0.175448678,0.066249386,0.041499731,0.164549387
1878,4,1878-12-01,0.18,0.31,-0.054067221,0.105360516,0.032789823,0.203598955
1879,1,1879-03-01,0.185,0.3275,-0.01342302,0.150282203,0.079406778,0.218552878
1879,2,1879-06-01,0.19,0.345,0.026668247,0.191055237,0.12323264,0.231801614
1879,3,1879-09-01,0.195,0.3625,0.066249386,0.228258652,0.164549387,0.243622083
1879,4,1879-12-01,0.2,0.38,0.105360516,0.262364264,0.203598955,0.254234138
1880,1,1880-03-01,0.215,0.4075,0.150282203,0.24613307,0.218552878,0.158523227
1880,2,1880-06-01,0.23,0.435,0.191055237,0.231801614,0.231801614,0.066691374
1880,3,1880-09-01,0.245,0.4625,0.228258652,0.219053566,0.243622083,-0.021858794
1880,4,1880-12-01,0.26,0.49,0.262364264,0.207639365,0.254234138,-0.107630664
1881,1,1881-03-01,0.275,0.4775,0.24613307,0.151549898,0.158523227,-0.087487454
1881,2,1881-06-01,0.29,0.465,0.231801614,0.098440073,0.066691374,-0.066691374
1881,3,1881-09-01,0.305,0.4525,0.219053566,0.048009219,-0.021858794,-0.045205437
1881,4,1881-12-01,0.32,0.44,0.207639365,0,-0.107630664,-0.022989518
1882,1,1882-03-01,0.32,0.4375,0.151549898,0.00778214,-0.087487454,-0.034887259
1882,2,1882-06-01,0.32,0.435,0.098440073,0.015504187,-0.066691374,-0.047067511
1882,3,1882-09-01,0.32,0.4325,0.048009219,0.023167059,-0.045205437,-0.059541394
1882,4,1882-12-01,0.32,0.43,0,0.030771659,-0.022989518,-0.072320662
1883,1,1883-03-01,0.3225,0.4225,0.00778214,0.007722046,-0.034887259,-0.112618878
1883,2,1883-06-01,0.325,0.415,0.015504187,-0.015504187,-0.047067511,-0.156160731
1883,3,1883-09-01,0.3275,0.4075,0.023167059,-0.038915416,-0.059541394,-0.203401073
1883,4,1883-12-01,0.33,0.4,0.030771659,-0.062520357,-0.072320662,-0.25489225
1884,1,1884-03-01,0.325,0.3775,0.007722046,-0.105360516,-0.112618878,-0.229788094
1884,2,1884-06-01,0.32,0.355,-0.015504187,-0.151549898,-0.156160731,-0.202236866
1884,3,1884-09-01,0.315,0.3325,-0.038915416,-0.201552919,-0.203401073,-0.171850257
1884,4,1884-12-01,0.31,0.31,-0.062520357,-0.255933374,-0.25489225,-0.138150338
1885,1,1885-03-01,0.2925,0.3,-0.105360516,-0.218879153,-0.229788094,-0.051293294
1885,2,1885-06-01,0.275,0.29,-0.151549898,-0.178691789,-0.202236866,0.033901552
1885,3,1885-09-01,0.2575,0.28,-0.201552919,-0.134919318,-0.171850257,0.117783036
1885,4,1885-12-01,0.24,0.27,-0.255933374,-0.087011377,-0.138150338,0.200670695
1886,1,1886-03-01,0.235,0.285,-0.218879153,-0.032435276,-0.051293294,0.16907633
1886,2,1886-06-01,0.23,0.3,-0.178691789,0.021506205,0.033901552,0.139761942
1886,3,1886-09-01,0.225,0.315,-0.134919318,0.074901308,0.117783036,0.112477983
1886,4,1886-12-01,0.22,0.33,-0.087011377,0.127833372,0.200670695,0.087011377
1887,1,1887-03-01,0.2275,0.3375,-0.032435276,0.074107972,0.16907633,-0.007434978
1887,2,1887-06-01,0.235,0.345,0.021506205,0.021053409,0.139761942,-0.10697212
1887,3,1887-09-01,0.2425,0.3525,0.074901308,-0.031416196,0.112477983,-0.212561442
1887,4,1887-12-01,0.25,0.36,0.127833372,-0.083381609,0.087011377,-0.3254224
1888,1,1888-03-01,0.245,0.335,0.074107972,-0.074107972,-0.007434978,-0.215708573
1888,2,1888-06-01,0.24,0.31,0.021053409,-0.064538521,-0.10697212,-0.101782694
1888,3,1888-09-01,0.235,0.285,-0.031416196,-0.054658413,-0.212561442,0.017391743
1888,4,1888-12-01,0.23,0.26,-0.083381609,-0.044451763,-0.3254224,0.143100844
1889,1,1889-03-01,0.2275,0.27,-0.074107972,-0.033522692,-0.215708573,0.096992266
1889,2,1889-06-01,0.225,0.28,-0.064538521,-0.022472856,-0.101782694,0.052185753
1889,3,1889-09-01,0.2225,0.29,-0.054658413,-0.011299555,0.017391743,0.008583744
1889,4,1889-12-01,0.22,0.3,-0.044451763,0,0.143100844,-0.033901552
1890,1,1890-03-01,0.22,0.2975,-0.033522692,0,0.096992266,0.016667052
1890,2,1890-06-01,0.22,0.295,-0.022472856,0,0.052185753,0.065597282
1890,3,1890-09-01,0.22,0.2925,-0.011299555,0,0.008583744,0.113023388
1890,4,1890-12-01,0.22,0.29,0,0,-0.033901552,0.159064695
1891,1,1891-03-01,0.22,0.3025,0,0.022472856,0.016667052,0.138683388
1891,2,1891-06-01,0.22,0.315,0,0.044451763,0.065597282,0.119545151
1891,3,1891-09-01,0.22,0.3275,0,0.065957968,0.113023388,0.101536419
1891,4,1891-12-01,0.22,0.34,0,0.087011377,0.159064695,0.084557388
1892,1,1892-03-01,0.225,0.3475,0.022472856,0.074901308,0.138683388,-0.014493007
1892,2,1892-06-01,0.23,0.355,0.044451763,0.063178902,0.119545151,-0.119545151
1892,3,1892-09-01,0.235,0.3625,0.065957968,0.051825068,0.101536419,-0.231801614
1892,4,1892-12-01,0.24,0.37,0.087011377,0.040821995,0.084557388,-0.352821375
1893,1,1893-03-01,0.2425,0.3425,0.074901308,-0.010362787,-0.014493007,-0.376686144
1893,2,1893-06-01,0.245,0.315,0.063178902,-0.063178902,-0.119545151,-0.405465108
1893,3,1893-09-01,0.2475,0.2875,0.051825068,-0.117783036,-0.231801614,-0.440867035
1893,4,1893-12-01,0.25,0.26,0.040821995,-0.174353387,-0.352821375,-0.485507816
1894,1,1894-03-01,0.24,0.235,-0.010362787,-0.157628944,-0.376686144,-0.252835341
1894,2,1894-06-01,0.23,0.21,-0.063178902,-0.139761942,-0.405465108,-0.024097552
1894,3,1894-09-01,0.22,0.185,-0.117783036,-0.120627988,-0.440867035,0.206794413
1894,4,1894-12-01,0.21,0.16,-0.174353387,-0.100083459,-0.485507816,0.446287103
1895,1,1895-03-01,0.205,0.1825,-0.157628944,-0.089231134,-0.252835341,0.27388875
1895,2,1895-06-01,0.2,0.205,-0.139761942,-0.077961541,-0.024097552,0.11506933
1895,3,1895-09-01,0.195,0.2275,-0.120627988,-0.066249386,0.206794413,-0.033522692
1895,4,1895-12-01,0.19,0.25,-0.100083459,-0.054067221,0.446287103,-0.174353387
1896,1,1896-03-01,0.1875,0.24,-0.089231134,-0.040821995,0.27388875,-0.021053409
1896,2,1896-06-01,0.185,0.23,-0.077961541,-0.027398974,0.11506933,0.122602322
1896,3,1896-09-01,0.1825,0.22,-0.066249386,-0.013793322,-0.033522692,0.258861634
1896,4,1896-12-01,0.18,0.21,-0.054067221,0,-0.174353387,0.389464767
1897,1,1897-03-01,0.18,0.235,-0.040821995,0.027398974,-0.021053409,0.308735482
1897,2,1897-06-01,0.18,0.26,-0.027398974,0.054067221,0.122602322,0.238411023
1897,3,1897-09-01,0.18,0.285,-0.013793322,0.080042708,0.258861634,0.176456437
1897,4,1897-12-01,0.18,0.31,0,0.105360516,0.389464767,0.121360857
1898,1,1898-03-01,0.185,0.32,0.027398974,0.090384061,0.308735482,0.178407657
1898,2,1898-06-01,0.19,0.33,0.054067221,0.075985907,0.238411023,0.229185866
1898,3,1898-09-01,0.195,0.34,0.080042708,0.062131781,0.176456437,0.27473092
1898,4,1898-12-01,0.2,0.35,0.105360516,0.048790164,0.121360857,0.315852949
1899,1,1899-03-01,0.2025,0.3825,0.090384061,0.138150338,0.178407657,0.227057451
1899,2,1899-06-01,0.205,0.415,0.075985907,0.218253566,0.229185866,0.145507584
1899,3,1899-09-01,0.2075,0.4475,0.062131781,0.290689594,0.27473092,0.070109566
1899,4,1899-12-01,0.21,0.48,0.048790164,0.356674944,0.315852949,0
1900,1,3/1/1900,0.2325,0.48,0.138150338,0.271421552,0.227057451,0.010362787
1900,2,6/1/1900,0.255,0.48,0.218253566,0.195308752,0.145507584,0.020619287
1900,3,9/1/1900,0.2775,0.48,0.290689594,0.126751706,0.070109566,0.030771659
1900,4,12/1/1900,0.3,0.48,0.356674944,0.064538521,0,0.040821995
1901,1,3/1/1901,0.305,0.485,0.271421552,0.05579136,0.010362787,0.093434007
1901,2,6/1/1901,0.31,0.49,0.195308752,0.047252885,0.020619287,0.14242034
1901,3,9/1/1901,0.315,0.495,0.126751706,0.038915416,0.030771659,0.188196521
1901,4,12/1/1901,0.32,0.5,0.064538521,0.030771659,0.040821995,0.231111721
1902,1,3/1/1902,0.3225,0.5325,0.05579136,0.038027396,0.093434007,0.12764556
1902,2,6/1/1902,0.325,0.565,0.047252885,0.045120435,0.14242034,0.026202372
1902,3,9/1/1902,0.3275,0.5975,0.038915416,0.052056362,0.188196521,-0.07378617
1902,4,12/1/1902,0.33,0.63,0.030771659,0.0588405,0.231111721,-0.172842813
1903,1,3/1/1903,0.335,0.605,0.038027396,0.014815086,0.12764556,-0.151399646
1903,2,6/1/1903,0.34,0.58,0.045120435,-0.029852963,0.026202372,-0.128617378
1903,3,9/1/1903,0.345,0.555,0.052056362,-0.075223421,-0.07378617,-0.104360015
1903,4,12/1/1903,0.35,0.53,0.0588405,-0.121360857,-0.172842813,-0.078471615
1904,1,3/1/1904,0.34,0.52,0.014815086,-0.076372979,-0.151399646,0.028437935
1904,2,6/1/1904,0.33,0.51,-0.029852963,-0.030771659,-0.128617378,0.128617378
1904,3,9/1/1904,0.32,0.5,-0.075223421,0.015504187,-0.104360015,0.223143551
1904,4,12/1/1904,0.31,0.49,-0.121360857,0.062520357,-0.078471615,0.312872321
1905,1,3/1/1905,0.315,0.535,-0.076372979,0.098192026,0.028437935,0.258041491
1905,2,6/1/1905,0.32,0.58,-0.030771659,0.131576358,0.128617378,0.209254439
1905,3,9/1/1905,0.325,0.625,0.015504187,0.162903471,0.223143551,0.165514438
1905,4,12/1/1905,0.33,0.67,0.062520357,0.192371893,0.312872321,0.126040721
1906,1,3/1/1906,0.3475,0.6925,0.098192026,0.165392495,0.258041491,0.059562261
1906,2,6/1/1906,0.365,0.715,0.131576358,0.140357358,0.209254439,-0.007017573
1906,3,9/1/1906,0.3825,0.7375,0.162903471,0.117056555,0.165514438,-0.07384725
1906,4,12/1/1906,0.4,0.76,0.192371893,0.09531018,0.126040721,-0.141078598
1907,1,3/1/1907,0.41,0.735,0.165392495,0.047628049,0.059562261,-0.138402323
1907,2,6/1/1907,0.42,0.71,0.140357358,0,-0.007017573,-0.135545492
1907,3,9/1/1907,0.43,0.685,0.117056555,-0.047628049,-0.07384725,-0.132489183
1907,4,12/1/1907,0.44,0.66,0.09531018,-0.09531018,-0.141078598,-0.129211731
1908,1,3/1/1908,0.43,0.64,0.047628049,-0.047628049,-0.138402323,-0.023716527
1908,2,6/1/1908,0.42,0.62,0,0,-0.135545492,0.077558234
1908,3,9/1/1908,0.41,0.6,-0.047628049,0.047628049,-0.132489183,0.175352887
1908,4,12/1/1908,0.4,0.58,-0.09531018,0.09531018,-0.129211731,0.27029033
1909,1,3/1/1909,0.41,0.625,-0.047628049,0.087519378,-0.023716527,0.185649347
1909,2,6/1/1909,0.42,0.67,0,0.080042708,0.077558234,0.106106506
1909,3,9/1/1909,0.43,0.715,0.047628049,0.072861348,0.175352887,0.030983546
1909,4,12/1/1909,0.44,0.76,0.09531018,0.065957968,0.27029033,-0.040273899
1910,1,3/1/1910,0.4475,0.7525,0.087519378,0.049056157,0.185649347,-0.079489151
1910,2,6/1/1910,0.455,0.745,0.080042708,0.032435276,0.106106506,-0.121144383
1910,3,9/1/1910,0.4625,0.7375,0.072861348,0.016086138,0.030983546,-0.165514438
1910,4,12/1/1910,0.47,0.73,0.065957968,0,-0.040273899,-0.212921997
1911,1,3/1/1911,0.47,0.695,0.049056157,0.005305052,-0.079489151,-0.118232777
1911,2,6/1/1911,0.47,0.66,0.032435276,0.010582109,-0.121144383,-0.022989518
1911,3,9/1/1911,0.47,0.625,0.016086138,0.015831465,-0.165514438,0.073250462
1911,4,12/1/1911,0.47,0.59,0,0.021053409,-0.212921997,0.170957798
1912,1,3/1/1912,0.4725,0.6175,0.005305052,0.015748357,-0.118232777,0.100083459
1912,2,6/1/1912,0.475,0.645,0.010582109,0.0104713,-0.022989518,0.030536724
1912,3,9/1/1912,0.4775,0.6725,0.015831465,0.005221944,0.073250462,-0.037883318
1912,4,12/1/1912,0.48,0.7,0.021053409,0,0.170957798,-0.105360516
1913,1,3/1/1913,0.48,0.6825,0.015748357,-0.031748698,0.100083459,-0.124674862
1913,2,6/1/1913,0.48,0.665,0.0104713,-0.064538521,0.030536724,-0.145417
1913,3,9/1/1913,0.48,0.6475,0.005221944,-0.098440073,-0.037883318,-0.167756332
1913,4,12/1/1913,0.48,0.63,0,-0.133531393,-0.105360516,-0.191891008
1914,1,3/1/1914,0.465,0.6025,-0.031748698,-0.095847959,-0.124674862,0.012371292
1914,2,6/1/1914,0.45,0.575,-0.064538521,-0.057158414,-0.145417,0.196710294
1914,3,9/1/1914,0.435,0.5475,-0.098440073,-0.017391743,-0.167756332,0.366670484
1914,4,12/1/1914,0.42,0.52,-0.133531393,0.023530497,-0.191891008,0.526093096
1915,1,3/1/1915,0.4225,0.61,-0.095847959,0.09045711,0.012371292,0.535438265
1915,2,6/1/1915,0.425,0.7,-0.057158414,0.152468594,0.196710294,0.543154511
1915,3,9/1/1915,0.4275,0.79,-0.017391743,0.210194577,0.366670484,0.549072153
1915,4,12/1/1915,0.43,0.88,0.023530497,0.264151575,0.526093096,0.553101107
1916,1,3/1/1916,0.4625,1.042,0.09045711,0.247704316,0.535438265,0.342758987
1916,2,6/1/1916,0.495,1.205,0.152468594,0.233193887,0.543154511,0.153557736
1916,3,9/1/1916,0.5275,1.368,0.210194577,0.220295899,0.549072153,-0.018443902
1916,4,12/1/1916,0.56,1.53,0.264151575,0.208754814,0.553101107,-0.178407657
1917,1,3/1/1917,0.5925,1.468,0.247704316,0.107888962,0.342758987,-0.194934831
1917,2,6/1/1917,0.625,1.405,0.233193887,0.00796817,0.153557736,-0.213404652
1917,3,9/1/1917,0.6575,1.343,0.220295899,-0.091515109,-0.018443902,-0.233810818
1917,4,12/1/1917,0.69,1.28,0.208754814,-0.191055237,-0.178407657,-0.256910414
1918,1,3/1/1918,0.66,1.208,0.107888962,-0.164303051,-0.194934831,-0.214283907
1918,2,6/1/1918,0.63,1.135,0.00796817,-0.135801541,-0.213404652,-0.167454645
1918,3,9/1/1918,0.6,1.063,-0.091515109,-0.105360516,-0.233810818,-0.117665451
1918,4,12/1/1918,0.57,0.99,-0.191055237,-0.072759354,-0.256910414,-0.062520357
1919,1,3/1/1919,0.56,0.975,-0.164303051,-0.064538521,-0.214283907,-0.082824351
1919,2,6/1/1919,0.55,0.96,-0.135801541,-0.056089467,-0.167454645,-0.104203778
1919,3,9/1/1919,0.54,0.945,-0.105360516,-0.047402239,-0.117665451,-0.126751706
1919,4,12/1/1919,0.53,0.93,-0.072759354,-0.038466281,-0.062520357,-0.150572858
1920,1,3/1/1920,0.525,0.8975,-0.064538521,-0.053802706,-0.082824351,-0.288611009
1920,2,6/1/1920,0.52,0.865,-0.056089467,-0.069679921,-0.104203778,-0.461943712
1920,3,9/1/1920,0.515,0.8325,-0.047402239,-0.086129154,-0.126751706,-0.690148678
1920,4,12/1/1920,0.51,0.8,-0.038466281,-0.103184236,-0.150572858,-1.014730805
1921,1,3/1/1921,0.4975,0.6725,-0.053802706,-0.05155781,-0.288611009,-0.544855372
1921,2,6/1/1921,0.485,0.545,-0.069679921,0,-0.461943712,-0.106380404
1921,3,9/1/1921,0.4725,0.4175,-0.086129154,0.05155781,-0.690148678,0.345837993
1921,4,12/1/1921,0.46,0.29,-0.103184236,0.103184236,-1.014730805,0.866810675
1922,1,3/1/1922,0.4725,0.39,-0.05155781,0.086129154,-0.544855372,0.670455769
1922,2,6/1/1922,0.485,0.49,0,0.069679921,-0.106380404,0.533026334
1922,3,9/1/1922,0.4975,0.59,0.05155781,0.053802706,0.345837993,0.430571029
1922,4,12/1/1922,0.51,0.69,0.103184236,0.038466281,0.866810675,0.350860974
1923,1,3/1/1923,0.515,0.7625,0.086129154,0.038099846,0.670455769,0.238112916
1923,2,6/1/1923,0.52,0.835,0.069679921,0.037740328,0.533026334,0.134279616
1923,3,9/1/1923,0.525,0.9075,0.053802706,0.037387532,0.430571029,0.037842353
1923,4,12/1/1923,0.53,0.98,0.038466281,0.037041272,0.350860974,-0.052367986
1924,1,3/1/1924,0.535,0.9675,0.038099846,0.050124387,0.238112916,0.042990185
1924,2,6/1/1924,0.54,0.955,0.037740328,0.062800901,0.134279616,0.132221635
1924,3,9/1/1924,0.545,0.9425,0.037387532,0.075090451,0.037842353,0.216223108
1924,4,12/1/1924,0.55,0.93,0.037041272,0.087011377,-0.052367986,0.295714244
1925,1,3/1/1925,0.5625,1.01,0.050124387,0.101352494,0.042990185,0.211591939
1925,2,6/1/1925,0.575,1.09,0.062800901,0.114880276,0.132221635,0.132957834
1925,3,9/1/1925,0.5875,1.17,0.075090451,0.127663144,0.216223108,0.059719235
1925,4,12/1/1925,0.6,1.25,0.087011377,0.139761942,0.295714244,-0.008032172
1926,1,3/1/1926,0.6225,1.248,0.101352494,0.131521342,0.211591939,-0.03257617
1926,2,6/1/1926,0.645,1.245,0.114880276,0.123794217,0.132957834,-0.057867382
1926,3,9/1/1926,0.6675,1.242,0.127663144,0.116533816,0.059719235,-0.083066599
1926,4,12/1/1926,0.69,1.24,0.139761942,0.109698917,-0.008032172,-0.110751364
1927,1,3/1/1927,0.71,1.208,0.131521342,0.106767975,-0.03257617,-0.025997271
1927,2,6/1/1927,0.73,1.175,0.123794217,0.103989714,-0.057867382,0.057867382
1927,3,9/1/1927,0.75,1.143,0.116533816,0.101352494,-0.083066599,0.137896306
1927,4,12/1/1927,0.77,1.11,0.109698917,0.098845835,-0.110751364,0.217723484
1928,1,3/1/1928,0.79,1.177,0.106767975,0.107888962,-0.025997271,0.200284431
1928,2,6/1/1928,0.81,1.245,0.103989714,0.116410352,0.057867382,0.182990677
1928,3,9/1/1928,0.83,1.312,0.101352494,0.124454174,0.137896306,0.167991731
1928,4,12/1/1928,0.85,1.38,0.098845835,0.132059722,0.217723484,0.15415068
1929,1,3/1/1929,0.88,1.438,0.107888962,0.099948168,0.200284431,0.008310297
1929,2,6/1/1929,0.91,1.495,0.116410352,0.068992871,0.182990677,-0.147483988
1929,3,9/1/1929,0.94,1.552,0.124454174,0.039118417,0.167991731,-0.317326789
1929,4,12/1/1929,0.97,1.61,0.132059722,0.0102565,0.15415068,-0.506693386
1930,1,3/1/1930,0.9725,1.45,0.099948168,-0.0339902,0.008310297,-0.499396928
1930,2,6/1/1930,0.975,1.29,0.068992871,-0.080042708,-0.147483988,-0.490364552
1930,3,9/1/1930,0.9775,1.13,0.039118417,-0.128065903,-0.317326789,-0.478892577
1930,4,12/1/1930,0.98,0.97,0.0102565,-0.178248231,-0.506693386,-0.463837114
1931,1,3/1/1931,0.94,0.88,-0.0339902,-0.239229689,-0.499396928,-0.451985124
1931,2,6/1/1931,0.9,0.79,-0.080042708,-0.310154928,-0.490364552,-0.43762222
1931,3,9/1/1931,0.86,0.7,-0.128065903,-0.393904286,-0.478892577,-0.419853846
1931,4,12/1/1931,0.82,0.61,-0.178248231,-0.494696242,-0.463837114,-0.397301797
1932,1,3/1/1932,0.74,0.56,-0.239229689,-0.422501295,-0.451985124,-0.293652239
1932,2,6/1/1932,0.66,0.51,-0.310154928,-0.33950714,-0.43762222,-0.182321557
1932,3,9/1/1932,0.58,0.46,-0.393904286,-0.242730685,-0.419853846,-0.061644163
1932,4,12/1/1932,0.5,0.41,-0.494696242,-0.127833372,-0.397301797,0.070617567
1933,1,3/1/1933,0.485,0.4175,-0.422501295,-0.091708426,-0.293652239,0.080503219
1933,2,6/1/1933,0.47,0.425,-0.33950714,-0.054658413,-0.182321557,0.089948237
1933,3,9/1/1933,0.455,0.4325,-0.242730685,-0.016620881,-0.061644163,0.098981834
1933,4,12/1/1933,0.44,0.44,-0.127833372,0.022472856,0.070617567,0.107630664
1934,1,3/1/1934,0.4425,0.4525,-0.091708426,0.016807118,0.080503219,0.478256771
1934,2,6/1/1934,0.445,0.465,-0.054658413,-0.011299555,0.089948237,0.554996842
1934,3,9/1/1934,0.4475,0.4775,-0.016620881,-0.016901811,0.098981834,0.464754273
1934,4,12/1/1934,0.45,0.49,0.022472856,0.043485112,0.107630664,0.438913042
1935,1,3/1/1935,0.45,0.73,0.016807118,0.105360516,0.478256771,0.078988411
1935,2,6/1/1935,0.44,0.81,-0.011299555,0.223143551,0.554996842,0.08288766
1935,3,9/1/1935,0.44,0.76,-0.016901811,0.32668423,0.464754273,0.212561442
1935,4,12/1/1935,0.47,0.76,0.043485112,0.426518517,0.438913042,0.294239473
1936,1,3/1/1936,0.5,0.79,0.105360516,0.405465108,0.078988411,0.340082349
1936,2,6/1/1936,0.55,0.88,0.223143551,0.423483614,0.08288766,0.28483712
1936,3,9/1/1936,0.61,0.94,0.32668423,0.232931558,0.212561442,0.260726262
1936,4,12/1/1936,0.72,1.02,0.426518517,0.105360516,0.294239473,0.102415005
1937,1,3/1/1937,0.75,1.11,0.405465108,0.039220713,0.340082349,-0.134819223
1937,2,6/1/1937,0.84,1.17,0.423483614,-0.126751706,0.28483712,-0.418368513
1937,3,9/1/1937,0.77,1.22,0.232931558,-0.15415068,0.260726262,-0.67688666
1937,4,12/1/1937,0.8,1.13,0.105360516,-0.450201002,0.102415005,-0.568504735
1938,1,3/1/1938,0.78,0.97,0.039220713,-0.405465108,-0.134819223,-0.312031101
1938,2,6/1/1938,0.74,0.77,-0.126751706,-0.33377318,-0.418368513,-0.013072082
1938,3,9/1/1938,0.66,0.62,-0.15415068,-0.164303051,-0.67688666,0.26731477
1938,4,12/1/1938,0.51,0.64,-0.450201002,0.195308752,-0.568504735,0.340926587
1939,1,3/1/1939,0.52,0.71,-0.405465108,0.191891008,-0.312031101,0.332439973
1939,2,6/1/1939,0.53,0.76,-0.33377318,0.204095356,-0.013072082,0.313657559
1939,3,9/1/1939,0.56,0.81,-0.164303051,0.179340929,0.26731477,0.287682072
1939,4,12/1/1939,0.62,0.9,0.195308752,0.077558234,0.340926587,0.15415068
1940,1,3/1/1940,0.63,0.99,0.191891008,0.076372979,0.332439973,0.068319244
1940,2,6/1/1940,0.65,1.04,0.204095356,0.059719235,0.313657559,0.046956983
1940,3,9/1/1940,0.67,1.08,0.179340929,0.043802623,0.287682072,0.096992266
1940,4,12/1/1940,0.67,1.05,0.077558234,0.057987258,0.15415068,0.099629841
1941,1,3/1/1941,0.68,1.06,0.076372979,0.014598799,0.068319244,-0.019048195
1941,2,6/1/1941,0.69,1.09,0.059719235,-0.044451763,0.046956983,-0.106380404
1941,3,9/1/1941,0.7,1.19,0.043802623,-0.121360857,0.096992266,-0.235828711
1941,4,12/1/1941,0.71,1.16,0.057987258,-0.185142433,0.099629841,-0.118861203
1942,1,3/1/1942,0.69,1.04,0.014598799,-0.156569061,-0.019048195,0.028437935
1942,2,6/1/1942,0.66,0.98,-0.044451763,-0.112117298,-0.106380404,0.115512887
1942,3,9/1/1942,0.62,0.94,-0.121360857,-0.032789823,-0.235828711,0.138836445
1942,4,12/1/1942,0.59,1.03,-0.185142433,0.03333642,-0.118861203,-0.091434206
1943,1,3/1/1943,0.59,1.07,-0.156569061,0.049596941,0.028437935,-0.140229341
1943,2,6/1/1943,0.59,1.1,-0.112117298,0.065597282,0.115512887,-0.178691789
1943,3,9/1/1943,0.6,1.08,-0.032789823,0.064538521,0.138836445,-0.182321557
1943,4,12/1/1943,0.61,0.94,0.03333642,0.048009219,-0.091434206,-0.010695289
1944,1,3/1/1944,0.62,0.93,0.049596941,0.047252885,-0.140229341,0.031748698
1944,2,6/1/1944,0.63,0.92,0.065597282,0.031252544,-0.178691789,0.083381609
1944,3,9/1/1944,0.64,0.9,0.064538521,0.030771659,-0.182321557,0.09531018
1944,4,12/1/1944,0.64,0.93,0.048009219,0.030771659,-0.010695289,0.031748698
1945,1,3/1/1945,0.65,0.96,0.047252885,0.045120435,0.031748698,-0.064538521
1945,2,6/1/1945,0.65,1,0.031252544,0.045120435,0.083381609,-0.174353387
1945,3,9/1/1945,0.66,0.99,0.030771659,0.044451763,0.09531018,-0.10648348
1945,4,12/1/1945,0.66,0.96,0.030771659,0.073025135,0.031748698,0.099090903
1946,1,3/1/1946,0.68,0.9,0.045120435,0.057158414,-0.064538521,0.344377416
1946,2,6/1/1946,0.68,0.84,0.045120435,0.111225635,-0.174353387,0.538996501
1946,3,9/1/1946,0.69,0.89,0.044451763,0.135341348,-0.10648348,0.554788747
1946,4,12/1/1946,0.71,1.06,0.073025135,0.168136922,0.099090903,0.417965271
1947,1,3/1/1947,0.72,1.27,0.057158414,0.165985137,0.344377416,0.29747647
1947,2,6/1/1947,0.76,1.44,0.111225635,0.111917916,0.538996501,0.255933374
1947,3,9/1/1947,0.79,1.55,0.135341348,0.096460266,0.554788747,0.289293676
1947,4,12/1/1947,0.84,1.61,0.168136922,0.101782694,0.417965271,0.352317639
1948,1,3/1/1948,0.85,1.71,0.165985137,0.142316222,0.29747647,0.330607117
1948,2,6/1/1948,0.85,1.86,0.111917916,0.182321557,0.255933374,0.25489225
1948,3,9/1/1948,0.87,2.07,0.096460266,0.17848278,0.289293676,0.143744759
1948,4,12/1/1948,0.93,2.29,0.101782694,0.203598955,0.352317639,0.013015368
1949,1,3/1/1949,0.98,2.38,0.142316222,0.177206456,0.330607117,-0.004210533
1949,2,6/1/1949,1.02,2.4,0.182321557,0.162518929,0.25489225,0.056695344
1949,3,9/1/1949,1.04,2.39,0.17848278,0.245958229,0.143744759,0.129338514
1949,4,12/1/1949,1.14,2.32,0.203598955,0.254234138,0.013015368,0.202236866
1950,1,3/1/1950,1.17,2.37,0.177206456,0.261706586,-0.004210533,0.177386757
1950,2,6/1/1950,1.2,2.54,0.162518929,0.262364264,0.056695344,0.068467799
1950,3,9/1/1950,1.33,2.72,0.245958229,0.133531393,0.129338514,-0.080349127
1950,4,12/1/1950,1.47,2.84,0.254234138,-0.041672696,0.202236866,-0.151806013
1951,1,3/1/1951,1.52,2.83,0.261706586,-0.068053463,0.177386757,-0.164807974
1951,2,6/1/1951,1.56,2.72,0.262364264,-0.073122265,0.068467799,-0.150480951
1951,3,9/1/1951,1.52,2.51,0.133531393,-0.047146778,-0.080349127,-0.061621134
1951,4,12/1/1951,1.41,2.44,-0.041672696,0,-0.151806013,-0.016529302
1952,1,3/1/1952,1.42,2.4,-0.068053463,-0.007067167,-0.164807974,0.01242252
1952,2,6/1/1952,1.45,2.34,-0.073122265,-0.020906685,-0.150480951,0.070131824
1952,3,9/1/1952,1.45,2.36,-0.047146778,-0.020906685,-0.061621134,0.07743174
1952,4,12/1/1952,1.41,2.4,0,0.027973852,-0.016529302,0.044814016
1953,1,3/1/1953,1.41,2.43,-0.007067167,0.041672696,0.01242252,0.048202102
1953,2,6/1/1953,1.42,2.51,-0.020906685,0.020906685,0.070131824,0.042891565
1953,3,9/1/1953,1.42,2.55,-0.020906685,0.034605529,0.07743174,0.030890487
1953,4,12/1/1953,1.45,2.51,0.027973852,0.06021886,0.044814016,0.098564567
1954,1,3/1/1954,1.47,2.55,0.041672696,0.05942342,0.048202102,0.149095909
1954,2,6/1/1954,1.45,2.62,0.020906685,0.079512063,0.042891565,0.206207042
1954,3,9/1/1954,1.47,2.63,0.034605529,0.097163748,0.030890487,0.268487625
1954,4,12/1/1954,1.54,2.77,0.06021886,0.062913825,0.098564567,0.267626706
1955,1,3/1/1955,1.56,2.96,0.05942342,0.103435587,0.149095909,0.22043719
1955,2,6/1/1955,1.57,3.22,0.079512063,0.136711046,0.206207042,0.111552486
1955,3,9/1/1955,1.62,3.44,0.097163748,0.127339422,0.268487625,0.005797118
1955,4,12/1/1955,1.64,3.62,0.062913825,0.059188871,0.267626706,-0.059761735
1956,1,3/1/1956,1.73,3.69,0.103435587,0,0.22043719,-0.081851026
1956,2,6/1/1956,1.8,3.6,0.136711046,-0.039665256,0.111552486,-0.051293294
1956,3,9/1/1956,1.84,3.46,0.127339422,-0.044451763,0.005797118,0.002886005
1956,4,12/1/1956,1.74,3.41,0.059188871,0.028330507,-0.059761735,-0.011799547
1957,1,3/1/1957,1.73,3.4,0,0.022858138,-0.081851026,-0.079552632
1957,2,6/1/1957,1.73,3.42,-0.039665256,0,-0.051293294,-0.154638128
1957,3,9/1/1957,1.76,3.47,-0.044451763,-0.017192401,0.002886005,-0.1863643
1957,4,12/1/1957,1.79,3.37,0.028330507,-0.022599832,-0.011799547,-0.153656242
1958,1,3/1/1958,1.77,3.14,0.022858138,0,-0.079552632,-0.009600074
1958,2,6/1/1958,1.73,2.93,0,0.034094211,-0.154638128,0.148773009
1958,3,9/1/1958,1.73,2.88,-0.017192401,0.045205437,-0.1863643,0.174769967
1958,4,12/1/1958,1.75,2.89,-0.022599832,0.044700179,-0.153656242,0.159573419
1959,1,3/1/1959,1.77,3.11,0,0.091708426,-0.009600074,0.086207195
1959,2,6/1/1959,1.79,3.4,0.034094211,0.085613753,0.148773009,-0.042048236
1959,3,9/1/1959,1.81,3.43,0.045205437,0.074502527,0.174769967,-0.047770276
1959,4,12/1/1959,1.83,3.39,0.044700179,0.063513406,0.159573419,-0.036039936
1960,1,3/1/1960,1.94,3.39,0.091708426,0,0.086207195,-0.09265883
1960,2,6/1/1960,1.95,3.26,0.085613753,-0.0051414,-0.042048236,-0.073164576
1960,3,9/1/1960,1.95,3.27,0.074502527,0.005115101,-0.047770276,-0.069648394
1960,4,12/1/1960,1.95,3.27,0.063513406,0.035268139,-0.036039936,-0.024769068
1961,1,3/1/1961,1.94,3.09,0,0.050261835,-0.09265883,0.086741653
1961,2,6/1/1961,1.94,3.03,-0.0051414,0.06001801,-0.073164576,0.135591974
1961,3,9/1/1961,1.96,3.05,0.005115101,0.05942342,-0.069648394,0.14615628
1961,4,12/1/1961,2.02,3.19,0.035268139,0.053024468,-0.024769068,0.140170745
1962,1,3/1/1962,2.04,3.37,0.050261835,0.052518034,0.086741653,0.096119132
1962,2,6/1/1962,2.06,3.47,0.06001801,0.065751378,0.135591974,0.101317773
1962,3,9/1/1962,2.08,3.53,0.05942342,0.060624622,0.14615628,0.114946154
1962,4,12/1/1962,2.13,3.67,0.053024468,0.068053463,0.140170745,0.091090241
1963,1,3/1/1963,2.15,3.71,0.052518034,0.080400425,0.096119132,0.11927937
1963,2,6/1/1963,2.2,3.84,0.065751378,0.078643127,0.101317773,0.120095175
1963,3,9/1/1963,2.21,3.96,0.060624622,0.099005524,0.114946154,0.121144383
1963,4,12/1/1963,2.28,4.02,0.068053463,0.092115289,0.091090241,0.12384533
1964,1,3/1/1964,2.33,4.18,0.080400425,0.090225092,0.11927937,0.112986863
1964,2,6/1/1964,2.38,4.33,0.078643127,0.092249734,0.120095175,0.111347179
1964,3,9/1/1964,2.44,4.47,0.099005524,0.086328083,0.121144383,0.108041482
1964,4,12/1/1964,2.5,4.55,0.092115289,0.084341148,0.12384533,0.131606464
1965,1,3/1/1965,2.55,4.68,0.090225092,0.086357569,0.112986863,0.131927543
1965,2,6/1/1965,2.61,4.84,0.092249734,0.08092649,0.111347179,0.120534069
1965,3,9/1/1965,2.66,4.98,0.086328083,0.082930379,0.108041482,0.101134732
1965,4,12/1/1965,2.72,5.19,0.084341148,0.053680149,0.131606464,0.067064231
1966,1,3/1/1966,2.78,5.34,0.086357569,0.042259809,0.131927543,0.020389956
1966,2,6/1/1966,2.83,5.46,0.08092649,0.024434025,0.120534069,-0.024097552
1966,3,9/1/1966,2.89,5.51,0.082930379,0.010327114,0.101134732,-0.038857803
1966,4,12/1/1966,2.87,5.55,0.053680149,0.017271587,0.067064231,-0.04044669
1967,1,3/1/1967,2.9,5.45,0.042259809,0.017094433,0.020389956,-0.001836548
1967,2,6/1/1967,2.9,5.33,0.024434025,0.03056265,-0.024097552,0.044043816
1967,3,9/1/1967,2.92,5.3,0.010327114,0.036979003,-0.038857803,0.065717072
1967,4,12/1/1967,2.92,5.33,0.017271587,0.050093945,-0.04044669,0.077586237
1968,1,3/1/1968,2.95,5.44,0.017094433,0.049596941,-0.001836548,0.067521201
1968,2,6/1/1968,2.99,5.57,0.03056265,0.045759617,0.044043816,0.047335743
1968,3,9/1/1968,3.03,5.66,0.036979003,0.038839833,0.065717072,0.039832105
1968,4,12/1/1968,3.07,5.76,0.050093945,0.028894466,0.077586237,0.003466208
1969,1,3/1/1969,3.1,5.82,0.049596941,0.022329476,0.067521201,-0.03319082
1969,2,6/1/1969,3.13,5.84,0.045759617,0.015848192,0.047335743,-0.056352937
1969,3,9/1/1969,3.15,5.89,0.038839833,0.012618464,0.039832105,-0.094292023
1969,4,12/1/1969,3.16,5.78,0.028894466,-0.006349228,0.003466208,-0.119298024
1970,1,3/1/1970,3.17,5.63,0.022329476,-0.019108862,-0.03319082,-0.07561204
1970,2,6/1/1970,3.18,5.52,0.015848192,-0.025479085,-0.056352937,-0.036904557
1970,3,9/1/1970,3.19,5.36,0.012618464,-0.031849826,-0.094292023,0.012975159
1970,4,12/1/1970,3.14,5.13,-0.006349228,-0.022545238,-0.119298024,0.105360516
1971,1,3/1/1971,3.11,5.22,-0.019108862,-0.012945165,-0.07561204,0.107083169
1971,2,6/1/1971,3.1,5.32,-0.025479085,-0.00972455,-0.036904557,0.115273624
1971,3,9/1/1971,3.09,5.43,-0.031849826,-0.003241494,0.012975159,0.122885608
1971,4,12/1/1971,3.07,5.7,-0.022545238,0.025724891,0.105360516,0.118951943
1972,1,3/1/1972,3.07,5.81,-0.012945165,0.032054026,0.107083169,0.157342041
1972,2,6/1/1972,3.07,5.97,-0.00972455,0.047703798,0.115273624,0.191492109
1972,3,9/1/1972,3.08,6.14,-0.003241494,0.059860388,0.122885608,0.225096041
1972,4,12/1/1972,3.15,6.42,0.025724891,0.070473257,0.118951943,0.239826051
1973,1,3/1/1973,3.17,6.8,0.032054026,0.081739883,0.157342041,0.206535815
1973,2,6/1/1973,3.22,7.23,0.047703798,0.083381609,0.191492109,0.189671153
1973,3,9/1/1973,3.27,7.69,0.059860388,0.093362218,0.225096041,0.169451928
1973,4,12/1/1973,3.38,8.16,0.070473257,0.063058136,0.239826051,0.085682881
1974,1,3/1/1974,3.44,8.36,0.081739883,0.064720191,0.206535815,0.010708014
1974,2,6/1/1974,3.5,8.74,0.083381609,0.058268908,0.189671153,-0.09348119
1974,3,9/1/1974,3.59,9.11,0.093362218,0.032879674,0.169451928,-0.160390377
1974,4,12/1/1974,3.6,8.89,0.063058136,0.021978907,0.085682881,-0.11049805
1975,1,3/1/1975,3.67,8.45,0.064720191,0.005434796,0.010708014,0.024548281
1975,2,6/1/1975,3.71,7.96,0.058268908,0.013387081,-0.09348119,0.150194552
1975,3,9/1/1975,3.71,7.76,0.032879674,0.037041272,-0.160390377,0.20755882
1975,4,12/1/1975,3.68,7.96,0.021978907,0.095804129,-0.11049805,0.219115348
1976,1,3/1/1976,3.69,8.66,0.005434796,0.127074276,0.024548281,0.15183854
1976,2,6/1/1976,3.76,9.25,0.013387081,0.1480531,0.150194552,0.119103485
1976,3,9/1/1976,3.85,9.55,0.037041272,0.156004248,0.20755882,0.11463673
1976,4,12/1/1976,4.05,9.91,0.095804129,0.142442191,0.219115348,0.094300589
1977,1,3/1/1977,4.19,10.08,0.127074276,0.135915184,0.15183854,0.080042708
1977,2,6/1/1977,4.36,10.42,0.1480531,0.118801884,0.119103485,0.074861732
1977,3,9/1/1977,4.5,10.71,0.156004248,0.109352537,0.11463673,0.077237657
1977,4,12/1/1977,4.67,10.89,0.142442191,0.082181746,0.094300589,0.12419038
1978,1,3/1/1978,4.8,10.92,0.135915184,0.080042708,0.080042708,0.197168065
1978,2,6/1/1978,4.91,11.23,0.118801884,0.083951711,0.074861732,0.219038968
1978,3,9/1/1978,5.02,11.57,0.109352537,0.093134689,0.077237657,0.234658674
1978,4,12/1/1978,5.07,12.33,0.082181746,0.108314728,0.12419038,0.186637722
1979,1,3/1/1979,5.2,13.3,0.080042708,0.109199292,0.197168065,0.139434985
1979,2,6/1/1979,5.34,13.98,0.083951711,0.10648348,0.219038968,0.066414443
1979,3,9/1/1979,5.51,14.63,0.093134689,0.096793982,0.234658674,0.000683294
1979,4,12/1/1979,5.65,14.86,0.108314728,0.086421232,0.186637722,-0.002695419
1980,1,3/1/1980,5.8,15.29,0.109199292,0.079512063,0.139434985,-0.047548293
1980,2,6/1/1980,5.94,14.94,0.10648348,0.073025135,0.066414443,0.004674466
1980,3,9/1/1980,6.07,14.64,0.096793982,0.071515771,0.000683294,0.042132611
1980,4,12/1/1980,6.16,14.82,0.086421232,0.073528027,-0.002695419,0.035789108
1981,1,3/1/1981,6.28,14.58,0.079512063,0.067718174,-0.047548293,0.015651902
1981,2,6/1/1981,6.39,15.01,0.073025135,0.063657852,0.004674466,-0.057589592
1981,3,9/1/1981,6.52,15.27,0.071515771,0.049374276,0.042132611,-0.118765837
1981,4,12/1/1981,6.63,15.36,0.073528027,0.035559302,0.035789108,-0.194900339
1982,1,3/1/1982,6.72,14.81,0.067718174,0.027881483,0.015651902,-0.175994552
1982,2,6/1/1982,6.81,14.17,0.063657852,0.018909654,-0.057589592,-0.118224206
1982,3,9/1/1982,6.85,13.56,0.049374276,0.021661497,-0.118765837,-0.019360247
1982,4,12/1/1982,6.87,12.64,0.035559302,0.031521234,-0.194900339,0.104331505
1983,1,3/1/1983,6.91,12.42,0.027881483,0.038329745,-0.175994552,0.205926949
1983,2,6/1/1983,6.94,12.59,0.018909654,0.051941499,-0.118224206,0.252108394
1983,3,9/1/1983,7,13.3,0.021661497,0.05286349,-0.019360247,0.219226114
1983,4,12/1/1983,7.09,14.03,0.031521234,0.060209701,0.104331505,0.170611541
1984,1,3/1/1984,7.18,15.26,0.038329745,0.064712601,0.205926949,0.071436367
1984,2,6/1/1984,7.31,16.2,0.051941499,0.057158414,0.252108394,-0.037099508
1984,3,9/1/1984,7.38,16.56,0.05286349,0.060465196,0.219226114,-0.083722982
1984,4,12/1/1984,7.53,16.64,0.060209701,0.047967718,0.170611541,-0.13010321
1985,1,3/1/1985,7.66,16.39,0.064712601,0.045926438,0.071436367,-0.121144383
1985,2,6/1/1985,7.74,15.61,0.057158414,0.045462374,-0.037099508,-0.0593842
1985,3,9/1/1985,7.84,15.23,0.060465196,0.04854718,-0.083722982,-0.025267302
1985,4,12/1/1985,7.9,14.61,0.047967718,0.046980209,-0.13010321,-0.008937839
1986,1,3/1/1986,8.02,14.52,0.045926438,0.039124794,-0.121144383,0.039167734
1986,2,6/1/1986,8.1,14.71,0.045462374,0.050552279,-0.0593842,-0.019911403
1986,3,9/1/1986,8.23,14.85,0.04854718,0.050928708,-0.025267302,0.065800351
1986,4,12/1/1986,8.28,14.48,0.046980209,0.062044472,-0.008937839,0.189432494
1987,1,3/1/1987,8.34,15.1,0.039124794,0.070590316,0.039167734,0.207929058
1987,2,6/1/1987,8.52,14.42,0.050552279,0.080042708,-0.019911403,0.407312684
1987,3,9/1/1987,8.66,15.86,0.050928708,0.08835766,0.065800351,0.359885422
1987,4,12/1/1987,8.81,17.5,0.062044472,0.101379845,0.189432494,0.30538165
1988,1,3/1/1988,8.95,18.59,0.070590316,0.111931061,0.207929058,0.294650742
1988,2,6/1/1988,9.23,21.67,0.080042708,0.116457974,0.407312684,0.151708515
1988,3,9/1/1988,9.46,22.73,0.08835766,0.125971174,0.359885422,0.04136738
1988,4,12/1/1988,9.75,23.75,0.101379845,0.126067711,0.30538165,-0.037756522
1989,1,3/1/1989,10.01,24.96,0.111931061,0.122986479,0.294650742,-0.141345728
1989,2,6/1/1989,10.37,25.22,0.116457974,0.117247159,0.151708515,-0.170809958
1989,3,9/1/1989,10.73,23.69,0.125971174,0.097595121,0.04136738,-0.085899136
1989,4,12/1/1989,11.06,22.87,0.126067711,0.089043669,-0.037756522,-0.069242762
1990,1,3/1/1990,11.32,21.67,0.122986479,0.067460485,-0.141345728,-0.03426761
1990,2,6/1/1990,11.66,21.26,0.117247159,0.041164989,-0.170809958,-0.091038976
1990,3,9/1/1990,11.83,21.74,0.097595121,0.037333245,-0.085899136,-0.19883246
1990,4,12/1/1990,12.09,21.34,0.089043669,0.009057287,-0.069242762,-0.289871284
1991,1,3/1/1991,12.11,20.94,0.067460485,0.017192401,-0.03426761,-0.257267438
1991,2,6/1/1991,12.15,19.41,0.041164989,0.013894788,-0.091038976,-0.129638193
1991,3,9/1/1991,12.28,17.82,0.037333245,0.00972455,-0.19883246,0.012270093
1991,4,12/1/1991,12.2,15.97,0.009057287,0.015453744,-0.289871284,0.178452676
1992,1,3/1/1992,12.32,16.19,0.017192401,0.012903405,-0.257267438,0.203306334
1992,2,6/1/1992,12.32,17.05,0.013894788,0.016103408,-0.129638193,0.125508089
1992,3,9/1/1992,12.4,18.04,0.00972455,0.009630893,0.012270093,0.123433462
1992,4,12/1/1992,12.39,19.09,0.015453744,0.015218556,0.178452676,0.136865274
1993,1,3/1/1993,12.48,19.84,0.012903405,0.018261722,0.203306334,0.135105254
1993,2,6/1/1993,12.52,19.33,0.016103408,0.025237933,0.125508089,0.265185701
1993,3,9/1/1993,12.52,20.41,0.009630893,0.031449133,0.123433462,0.291960023
1993,4,12/1/1993,12.58,21.89,0.015218556,0.045833264,0.136865274,0.334970097
1994,1,3/1/1994,12.71,22.71,0.018261722,0.035552431,0.135105254,0.359972013
1994,2,6/1/1994,12.84,25.2,0.025237933,0.03969987,0.265185701,0.312084283
1994,3,9/1/1994,12.92,27.33,0.031449133,0.049821624,0.291960023,0.252492739
1994,4,12/1/1994,13.17,30.6,0.045833264,0.046002176,0.334970097,0.104183352
1995,1,3/1/1995,13.17,32.55,0.035552431,0.068233282,0.359972013,0.044758935
1995,2,6/1/1995,13.36,34.43,0.03969987,0.065894263,0.312084283,0.013845044
1995,3,9/1/1995,13.58,35.18,0.049821624,0.076524574,0.252492739,0.023041199
1995,4,12/1/1995,13.79,33.96,0.046002176,0.077417521,0.104183352,0.131431132
1996,1,3/1/1996,14.1,34.04,0.068233282,0.065867425,0.044758935,0.167325222
1996,2,6/1/1996,14.27,34.91,0.065894263,0.060500949,0.013845044,0.149762459
1996,3,9/1/1996,14.66,36,0.076524574,0.044688996,0.023041199,0.121233865
1996,4,12/1/1996,14.9,38.73,0.077417521,0.039478811,0.131431132,0.025240346
1997,1,3/1/1997,15.06,40.24,0.065867425,0.037789513,0.167325222,-0.017548708
1997,2,6/1/1997,15.16,40.55,0.060500949,0.050798449,0.149762459,-0.039743661
1997,3,9/1/1997,15.33,40.64,0.044688996,0.05148897,0.121233865,-0.064801023
1997,4,12/1/1997,15.5,39.72,0.039478811,0.044171218,0.025240346,-0.051929528
1998,1,3/1/1998,15.64,39.54,0.037789513,0.050493742,-0.017548708,-0.029776327
1998,2,6/1/1998,15.95,38.97,0.050798449,0.030866648,-0.039743661,0.051267633
1998,3,9/1/1998,16.14,38.09,0.05148897,0.030508773,-0.064801023,0.143328349
1998,4,12/1/1998,16.2,37.71,0.044171218,0.029798495,-0.051929528,0.244811109
1999,1,3/1/1999,16.45,38.38,0.050493742,0.018669618,-0.029776327,0.283308269
1999,2,6/1/1999,16.45,41.02,0.030866648,0.015083242,0.051267633,0.23564432
1999,3,9/1/1999,16.64,43.96,0.030508773,-0.017581538,0.143328349,0.200132872
1999,4,12/1/1999,16.69,48.17,0.029798495,-0.025486816,0.244811109,0.037286585
2000,1,3/1/2000,16.76,50.95,0.018669618,-0.048283133,0.283308269,-0.114451985
2000,2,6/1/2000,16.7,51.92,0.015083242,-0.062385153,0.23564432,-0.344478003
2000,3,9/1/2000,16.35,53.7,-0.017581538,-0.038022654,0.200132872,-0.640197902
2000,4,12/1/2000,16.27,50,-0.025486816,-0.033117678,0.037286585,-0.705624702
2001,1,3/1/2001,15.97,45.44,-0.048283133,-0.015142245,-0.114451985,-0.609589531
2001,2,6/1/2001,15.69,36.79,-0.062385153,0.022062036,-0.344478003,-0.319065497
2001,3,9/1/2001,15.74,28.31,-0.038022654,0.003804697,-0.640197902,0.059314728
2001,4,12/1/2001,15.74,24.69,-0.033117678,0.020748937,-0.705624702,0.111055085
2002,1,3/1/2002,15.73,24.7,-0.015142245,0.030675332,-0.609589531,0.205004317
2002,2,6/1/2002,16.04,26.74,0.022062036,0.008072071,-0.319065497,0.256246979
2002,3,9/1/2002,15.8,30.04,0.003804697,0.048790164,0.059314728,0.250204181
2002,4,12/1/2002,16.07,27.59,0.020748937,0.078941149,0.111055085,0.56904666
2003,1,3/1/2003,16.22,30.32,0.030675332,0.105237203,0.205004317,0.539436158
2003,2,6/1/2003,16.17,34.55,0.008072071,0.140003907,0.256246979,0.485619131
2003,3,9/1/2003,16.59,38.58,0.048790164,0.144024668,0.250204181,0.403735602
2003,4,12/1/2003,17.39,48.74,0.078941149,0.111437471,0.56904666,0.183381042
2004,1,3/1/2004,18.02,52,0.105237203,0.115684399,0.539436158,0.146760804
2004,2,6/1/2004,18.6,56.15,0.140003907,0.118021956,0.485619131,0.119226537
2004,3,9/1/2004,19.16,57.77,0.144024668,0.113831839,0.403735602,0.140281108
2004,4,12/1/2004,19.44,58.55,0.111437471,0.133659985,0.183381042,0.176182627
2005,1,3/1/2005,20.23,60.22,0.115684399,0.118716307,0.146760804,0.187924122
2005,2,6/1/2005,20.93,63.26,0.118021956,0.113260428,0.119226537,0.16341167
2005,3,9/1/2005,21.47,66.47,0.113831839,0.115555229,0.140281108,0.167239229
2005,4,12/1/2005,22.22,69.83,0.133659985,0.113071484,0.176182627,0.154661995
2006,1,3/1/2006,22.78,72.67,0.118716307,0.11240326,0.187924122,0.134717561
2006,2,6/1/2006,23.44,74.49,0.113260428,0.110169752,0.16341167,0.131044749
2006,3,9/1/2006,24.1,78.57,0.115555229,0.11288401,0.167239229,0.000381752
2006,4,12/1/2006,24.88,81.51,0.113071484,0.108450592,0.154661995,-0.20834741
2007,1,3/1/2007,25.49,83.15,0.11240326,0.104575586,0.134717561,-0.319822677
2007,2,6/1/2007,26.17,84.92,0.110169752,0.092631778,0.131044749,-0.502655292
2007,3,9/1/2007,26.98,78.6,0.11288401,0.067014142,0.000381752,-0.536817851
2007,4,12/1/2007,27.73,66.18,0.108450592,0.023522111,-0.20834741,-1.492360273
2008,1,3/1/2008,28.3,60.39,0.104575586,-0.037441378,-0.319822677,-2.175116087
2008,2,6/1/2008,28.71,51.37,0.092631778,-0.115043844,-0.502655292,-1.922818879
2008,3,9/1/2008,28.85,45.95,0.067014142,-0.188231534,-0.536817851,-1.298630314
2008,4,12/1/2008,28.39,14.88,0.023522111,-0.236529683,-1.492360273,1.231219195
2009,1,3/1/2009,27.26,6.86,-0.037441378,-0.218933789,-2.175116087,2.184018223
2009,2,6/1/2009,25.59,7.51,-0.115043844,-0.149342666,-1.922818879,2.189948578
2009,3,9/1/2009,23.9,12.54,-0.188231534,-0.067052138,-1.298630314,1.745796246
2009,4,12/1/2009,22.41,50.97,-0.236529683,0.01417835,1.231219195,0.417103353
2010,1,3/1/2010,21.9,60.93,-0.218933789,0.067530616,2.184018223,0.288543346
2010,2,6/1/2010,22.04,67.1,-0.149342666,0.099262103,2.189948578,0.223083937
2010,3,9/1/2010,22.35,71.86,-0.067052138,0.119223708,1.745796246,0.190958425
2010,4,12/1/2010,22.73,77.35,0.01417835,0.150814091,0.417103353,0.116992664
2011,1,3/1/2011,23.43,81.31,0.067530616,0.154699276,0.288543346,0.085185417
2011,2,6/1/2011,24.34,83.87,0.099262103,0.151447181,0.223083937,0.047159329
2011,3,9/1/2011,25.18,86.98,0.119223708,0.161386438,0.190958425,-0.005533793
2011,4,12/1/2011,26.43,86.95,0.150814091,0.167519648,0.116992664,-0.005073227
2012,1,3/1/2012,27.35,88.54,0.154699276,0.160450979,0.085185417,-0.009532528
2012,2,6/1/2012,28.32,87.92,0.151447181,0.161087821,0.047159329,0.033882595
2012,3,9/1/2012,29.59,86.5,0.161386438,0.150620098,-0.005533793,0.087078812
2012,4,12/1/2012,31.25,86.51,0.167519648,0.11304293,-0.005073227,0.146908174
2013,1,3/1/2013,32.11,87.7,0.160450979,0.120719997,-0.009532528,0.139712365
2013,2,6/1/2013,33.27,90.95,0.161087821,0.116479712,0.033882595,0.125583454
2013,3,9/1/2013,34.4,94.37,0.150620098,0.112341903,0.087078812,0.115838438
2013,4,12/1/2013,34.99,100.2,0.11304293,0.119718223,0.146908174,0.020839231
2014,1,3/1/2014,36.23,100.85,0.120719997,0.119039645,0.139712365,-0.015992345
2014,2,6/1/2014,37.38,103.12,0.116479712,0.1103241,0.125583454,-0.082964284
2014,3,9/1/2014,38.49,105.96,0.112341903,0.099340875,0.115838438,-0.155945419
2014,4,12/1/2014,39.44,102.31,0.119718223,0.09544847,0.020839231,-0.167516245
2015,1,3/1/2015,40.81,99.25,0.119039645,0.072531486,-0.015992345,-0.138191388
2015,2,6/1/2015,41.74,94.91,0.1103241,0.063130007,-0.082964284,-0.087940919
2015,3,9/1/2015,42.51,90.66,0.099340875,0.057589592,-0.155945419,-0.017469151
2015,4,12/1/2015,43.39,86.53,0.09544847,0.051869298,-0.167516245,0.08863762
2016,1,3/1/2016,43.88,86.44,0.072531486,0.055409696,-0.138191388,0.148615457
2016,2,6/1/2016,44.46,86.92,0.063130007,0.060227623,-0.087940919,0.179595033
2016,3,9/1/2016,45.03,89.09,0.057589592,0.067407486,-0.017469151,0.183929124
2016,4,12/1/2016,45.7,94.55,0.051869298,0.068292407,0.08863762,0.150260066
2017,1,3/1/2017,46.38,100.29,0.055409696,0.075154674,0.148615457,0.140684925
2017,2,6/1/2017,47.22,104.02,0.060227623,0.076812003,0.179595033,0.163364563
2017,3,9/1/2017,48.17,107.08,0.067407486,0.083024476,0.183929124,0.196953741
2017,4,12/1/2017,48.93,109.88,0.068292407,0.093952962,0.150260066,0.186363251
2018,1,3/1/2018,50,115.44,0.075154674,0.094218675,0.140684925,0.151995106
2018,2,6/1/2018,50.99,122.48,0.076812003,0.095101111,0.163364563,0.09932503
2018,3,9/1/2018,52.34,130.39,0.083024476,0.089142591,0.196953741,0.019067006
2018,4,12/1/2018,53.75,132.39,0.093952962,0.080228737,0.186363251,0.052097412
2019,1,3/1/2019,54.94,134.39,0.094218675,0.081088397,0.151995106,-0.144315041
2019,2,6/1/2019,56.07727474,135.27,0.095101111,0.06226631,0.09932503,-0.309832393
2019,3,9/1/2019,57.22,132.9,0.089142591,0.028088346,0.019067006,-0.302387105
2019,4,12/1/2019,58.24,139.47,0.080228737,0.000666779,0.052097412,-0.393172719
2020,1,3/1/2020,59.58060359,116.33,0.081088397,-0.033228042,-0.144315041,0.097160565
2020,2,6/1/2020,59.68,99.23,0.06226631,-0.030883516,-0.309832393,0.46995324
2020,3,9/1/2020,58.85,98.22,0.028088346,0.006849602,-0.302387105,0.580030242
2020,4,12/1/2020,58.27884614,94.13,0.000666779,0.035702194,-0.393172719,0.742933444
2021,1,3/1/2021,57.63338706,128.2,-0.033228042,0.072547946,0.097160565,0.434220837
2021,2,6/1/2021,57.86504213,158.76,-0.030883516,0.101082095,0.46995324,0.191454995
2021,3,9/1/2021,59.25448275,175.43,0.006849602,0.097430888,0.580030242,0.065097705
2021,4,12/1/2021,60.39711728,197.87,0.035702194,0.102556499,0.742933444,-0.135764787
2022,1,3/1/2022,61.96997432,197.91,0.072547946,0.095941199,0.434220837,-0.122055451
2022,2,6/1/2022,64.02,192.26,0.101082095,0.070699215,0.191454995,-0.060296344
2022,3,9/1/2022,65.31830534,187.23,0.097430888,0.059362118,0.065097705,-0.016044277
2022,4,12/1/2022,66.92,172.75,0.102556499,0.049326438,-0.135764787,0.107886989
2023,1,3/1/2023,68.21,175.17,0.095941199,0.037618404,-0.122055451,0.0885563
2023,2,6/1/2023,68.71,181.01,0.070699215,0.046435197,-0.060296344,0.083432434
2023,3,9/1/2023,69.31313609,184.25,0.059362118,0.057289493,-0.016044277,0.083372925
2023,4,12/1/2023,70.30369194,192.43,0.049326438,0.062424689,0.107886989,0.088184276
2024,1,3/1/2024,70.82482573,191.39,0.037618404,0.072433785,0.0885563,0.12415453
2024,2,6/1/2024,71.9757996,196.76,0.046435197,0.072010631,0.083432434,0.123077212
2024,3,9/1/2024,73.4,200.27,0.057289493,0.06691988,0.083372925,0.160982322
2024,4,12/1/2024,74.83225459,210.17,0.062424689,0.060759559,0.088184276,0.18590745
2025,1,3/1/2025,76.145301,216.69,0.072433785,0.049008194,0.12415453,0.245910691
2025,2,6/1/2025,77.35,222.53,0.072010631,,0.123077212,
2025,3,9/1/2025,78.48,235.25,0.06691988,,0.160982322,
2025,4,12/1/2025,79.52,253.11,0.060759559,,0.18590745,
2026,1,3/1/2026,79.97,277.1,0.049008194,,0.245910691,
